756,Shiinotic,grass,fairy,60,45,80,90,100,30
262,Mightyena,dark,nan,70,90,70,60,60,70
13,Weedle,bug,poison,40,35,30,20,20,50
461,Weavile,dark,ice,70,120,65,45,85,125
300,Skitty,normal,nan,50,45,45,35,35,50
627,Rufflet,normal,flying,70,83,50,37,50,60
415,Combee,bug,flying,30,30,42,30,42,70
148,Dragonair,dragon,nan,61,84,65,70,70,70
685,Slurpuff,fairy,nan,82,80,86,85,75,72
75,Graveler,rock,ground,55,95,115,45,45,35
330,Flygon,ground,dragon,80,100,80,80,80,100
314,Illumise,bug,nan,65,47,75,73,85,85
156,Quilava,fire,nan,58,64,58,80,65,80
679,Honedge,steel,ghost,45,80,100,35,37,28
373,Salamence,dragon,flying,95,145,130,120,90,120
657,Frogadier,water,nan,54,63,52,83,56,97
309,Electrike,electric,nan,40,45,40,65,40,65
28,Sandslash,ground,ice,75,100,120,25,65,65
222,Corsola,water,rock,65,55,95,65,95,35
261,Poochyena,dark,nan,35,55,35,30,30,35
59,Arcanine,fire,nan,90,110,80,100,80,95
573,Cinccino,normal,nan,75,95,60,65,60,115
626,Bouffalant,normal,nan,95,110,95,40,95,55
196,Espeon,psychic,nan,65,65,60,130,95,110
298,Azurill,normal,fairy,50,20,40,20,40,20
700,Sylveon,fairy,nan,95,65,65,110,130,60
622,Golett,ground,ghost,59,74,50,35,50,35
42,Golbat,poison,flying,75,80,70,65,75,90
326,Grumpig,psychic,nan,80,45,65,90,110,80
785,Tapu Koko,electric,fairy,70,115,85,95,75,130
569,Garbodor,poison,nan,80,95,82,60,82,75
664,Scatterbug,bug,nan,38,35,40,27,25,35
668,Pyroar,fire,normal,86,68,72,109,66,106
333,Swablu,normal,flying,45,40,60,40,75,50
790,Cosmoem,psychic,nan,43,29,131,29,131,37
164,Noctowl,normal,flying,100,50,50,86,96,70
125,Electabuzz,electric,nan,65,83,57,95,85,105
634,Zweilous,dark,dragon,72,85,70,65,70,58
233,Porygon2,normal,nan,85,80,90,105,95,60
539,Sawk,fighting,nan,75,125,75,30,75,85
348,Armaldo,rock,bug,75,125,100,70,80,45
429,Mismagius,ghost,nan,60,60,60,105,105,105
356,Dusclops,ghost,nan,40,70,130,60,130,25
143,Snorlax,normal,nan,160,110,65,65,110,30
788,Tapu Fini,water,fairy,70,75,115,95,130,85
743,Ribombee,bug,fairy,60,55,60,95,70,124
746,Wishiwashi,water,nan,45,140,130,140,135,30
645,Landorus,ground,flying,89,145,90,105,80,91
472,Gliscor,ground,flying,75,95,125,45,75,95
257,Blaziken,fire,fighting,80,160,80,130,80,100
518,Musharna,psychic,nan,116,55,85,107,95,29
638,Cobalion,steel,fighting,91,90,129,90,72,108
325,Spoink,psychic,nan,60,25,35,70,80,60
562,Yamask,ghost,nan,38,30,85,55,65,30
611,Fraxure,dragon,nan,66,117,70,40,50,67
489,Phione,water,nan,80,80,80,80,80,80
96,Drowzee,psychic,nan,60,48,45,43,90,42
8,Wartortle,water,nan,59,63,80,65,80,58
580,Ducklett,water,flying,62,44,50,44,50,55
729,Brionne,water,nan,60,69,69,91,81,50
590,Foongus,grass,poison,69,55,45,55,55,15
413,Wormadam,bug,grass,60,69,95,69,95,36
342,Crawdaunt,water,dark,63,120,85,90,55,55
46,Paras,bug,grass,35,70,55,45,55,25
99,Kingler,water,nan,55,130,115,50,50,75
706,Goodra,dragon,nan,90,100,70,110,150,80
57,Primeape,fighting,nan,65,105,60,60,70,95
745,Lycanroc,rock,nan,85,115,75,55,75,82
15,Beedrill,bug,poison,65,150,40,15,80,145
217,Ursaring,normal,nan,90,130,75,75,75,55
73,Tentacruel,water,poison,80,70,65,80,120,100
203,Girafarig,normal,psychic,70,80,65,90,65,85
791,Solgaleo,psychic,steel,137,137,107,113,89,97
141,Kabutops,rock,water,60,115,105,65,70,80
452,Drapion,poison,dark,70,90,110,60,75,95
496,Servine,grass,nan,60,60,75,60,75,83
799,Guzzlord,dark,dragon,223,101,53,97,53,43
650,Chespin,grass,nan,56,61,65,48,45,38
328,Trapinch,ground,nan,45,100,45,45,45,10
344,Claydol,ground,psychic,60,70,105,70,120,75
113,Chansey,normal,nan,250,5,5,35,105,50
796,Xurkitree,electric,nan,83,89,71,173,71,83
367,Huntail,water,nan,55,104,105,94,75,52
680,Doublade,steel,ghost,59,110,150,45,49,35
47,Parasect,bug,grass,60,95,80,60,80,30
506,Lillipup,normal,nan,45,60,45,25,45,55
273,Seedot,grass,nan,40,40,50,30,30,30
55,Golduck,water,nan,80,82,78,95,80,85
194,Wooper,water,ground,55,45,45,25,25,15
795,Pheromosa,bug,fighting,71,137,37,137,37,151
464,Rhyperior,ground,rock,115,140,130,55,55,40
761,Bounsweet,grass,nan,42,30,38,30,38,32
758,Salazzle,poison,fire,68,64,60,111,60,117
359,Absol,dark,nan,65,150,60,115,60,115
53,Persian,normal,dark,65,60,60,75,65,115
192,Sunflora,grass,nan,75,75,55,105,85,30
675,Pangoro,fighting,dark,95,124,78,69,71,58
20,Raticate,normal,dark,75,71,70,40,80,77
450,Hippowdon,ground,nan,108,112,118,68,72,47
578,Duosion,psychic,nan,65,40,50,125,60,30
323,Camerupt,fire,ground,70,120,100,145,105,20
617,Accelgor,bug,nan,80,70,40,100,60,145
265,Wurmple,bug,nan,45,45,35,20,30,20
3,Venusaur,grass,poison,80,100,123,122,120,80
666,Vivillon,bug,flying,80,52,50,90,50,89
114,Tangela,grass,nan,65,55,115,100,40,60
198,Murkrow,dark,flying,60,85,42,85,42,91
537,Seismitoad,water,ground,105,95,75,85,75,74
255,Torchic,fire,nan,45,60,40,70,50,45
411,Bastiodon,rock,steel,60,52,168,47,138,30
98,Krabby,water,nan,30,105,90,25,25,50
591,Amoonguss,grass,poison,114,85,70,85,80,30
403,Shinx,electric,nan,45,65,34,40,34,45
430,Honchkrow,dark,flying,100,125,52,105,52,71
313,Volbeat,bug,nan,65,73,75,47,85,85
628,Braviary,normal,flying,100,123,75,57,75,80
5,Charmeleon,fire,nan,58,64,58,80,65,80
197,Umbreon,dark,nan,95,65,110,60,130,65
315,Roselia,grass,poison,50,60,45,100,80,65
597,Ferroseed,grass,steel,44,50,91,24,86,10
229,Houndoom,dark,fire,75,90,90,140,90,115
258,Mudkip,water,nan,50,70,50,50,50,40
213,Shuckle,bug,rock,20,10,230,10,230,5
451,Skorupi,poison,bug,40,50,90,30,55,65
801,Magearna,steel,fairy,80,95,115,130,115,65
310,Manectric,electric,nan,70,75,80,135,80,135
105,Marowak,ground,fire,60,80,110,50,80,45
306,Aggron,steel,rock,70,140,230,60,80,50
320,Wailmer,water,nan,130,70,35,70,35,60
275,Shiftry,grass,dark,90,100,60,90,60,80
387,Turtwig,grass,nan,55,68,64,45,55,31
772,Type: Null,normal,nan,95,95,95,95,95,59
118,Goldeen,water,nan,45,67,60,35,50,63
579,Reuniclus,psychic,nan,110,65,75,125,85,30
482,Azelf,psychic,nan,75,125,70,125,70,115
340,Whiscash,water,ground,110,78,73,76,71,60
399,Bidoof,normal,nan,59,45,40,35,40,31
37,Vulpix,fire,ice,38,41,40,50,65,65
525,Boldore,rock,nan,70,105,105,50,40,20
66,Machop,fighting,nan,70,80,50,35,35,35
547,Whimsicott,grass,fairy,60,67,85,77,75,116
50,Diglett,ground,ground,10,55,30,35,45,90
769,Sandygast,ghost,ground,55,55,80,70,45,15
683,Aromatisse,fairy,nan,101,72,72,99,89,29
172,Pichu,electric,nan,20,40,15,35,35,60
557,Dwebble,bug,rock,50,65,85,35,35,55
238,Smoochum,ice,psychic,45,30,15,85,65,65
188,Skiploom,grass,flying,55,45,50,45,65,80
79,Slowpoke,water,psychic,90,65,65,40,40,15
352,Kecleon,normal,nan,60,90,70,60,120,40
189,Jumpluff,grass,flying,75,55,70,55,95,110
734,Yungoos,normal,nan,48,70,30,30,30,45
245,Suicune,water,nan,100,75,115,90,115,85
431,Glameow,normal,nan,49,55,42,42,37,85
221,Piloswine,ice,ground,100,100,80,60,60,50
131,Lapras,water,ice,130,85,80,85,95,60
366,Clamperl,water,nan,35,64,85,74,55,32
599,Klink,steel,nan,40,55,70,45,60,30
364,Sealeo,ice,water,90,60,70,75,70,45
166,Ledian,bug,flying,55,35,50,55,110,85
97,Hypno,psychic,nan,85,73,70,73,115,67
541,Swadloon,bug,grass,55,63,90,50,80,42
350,Milotic,water,nan,95,60,79,100,125,81
122,Mr. Mime,psychic,fairy,40,45,65,100,120,90
392,Infernape,fire,fighting,76,104,71,104,71,108
247,Pupitar,rock,ground,70,84,70,65,70,51
184,Azumarill,water,fairy,100,50,80,60,80,50
363,Spheal,ice,water,70,40,50,55,50,25
302,Sableye,dark,ghost,50,85,125,85,115,20
254,Sceptile,grass,nan,70,110,75,145,85,145
571,Zoroark,dark,nan,60,105,60,120,60,105
290,Nincada,bug,ground,31,45,90,30,30,40
548,Petilil,grass,nan,45,35,50,70,50,30
697,Tyrantrum,rock,dragon,82,121,119,69,59,71
726,Torracat,fire,nan,65,85,50,80,50,90
134,Vaporeon,water,nan,130,65,60,110,95,65
214,Heracross,bug,fighting,80,185,115,40,105,75
667,Litleo,fire,normal,62,50,58,73,54,72
686,Inkay,dark,psychic,53,54,53,37,46,45
360,Wynaut,psychic,nan,95,23,48,23,48,23
327,Spinda,normal,nan,60,60,60,60,60,60
490,Manaphy,water,nan,100,100,100,100,100,100
167,Spinarak,bug,poison,40,60,40,40,40,30
577,Solosis,psychic,nan,45,30,40,105,50,20
276,Taillow,normal,flying,40,55,30,30,30,85
646,Kyurem,dragon,ice,125,120,90,170,100,95
531,Audino,normal,nan,103,60,126,80,126,50
445,Garchomp,dragon,ground,108,170,115,120,95,92
487,Giratina,ghost,dragon,150,120,100,120,100,90
83,Farfetch'd,normal,flying,52,90,55,58,62,60
251,Celebi,psychic,grass,100,100,100,100,100,100
736,Grubbin,bug,nan,47,62,45,55,45,46
703,Carbink,rock,fairy,50,50,150,50,150,50
425,Drifloon,ghost,flying,90,50,34,60,44,70
783,Hakamo-o,dragon,fighting,55,75,90,65,70,65
111,Rhyhorn,ground,rock,80,85,95,30,30,25
505,Watchog,normal,nan,60,85,69,60,69,77
144,Articuno,ice,flying,90,85,100,95,125,85
782,Jangmo-o,dragon,nan,45,55,65,45,45,45
324,Torkoal,fire,nan,70,85,140,85,70,20
165,Ledyba,bug,flying,40,20,30,40,80,55
195,Quagsire,water,ground,95,85,85,65,65,35
625,Bisharp,dark,steel,65,125,100,60,70,70
212,Scizor,bug,steel,70,150,140,65,100,75
246,Larvitar,rock,ground,50,64,50,45,50,41
312,Minun,electric,nan,60,40,50,75,85,95
471,Glaceon,ice,nan,65,60,110,130,95,65
332,Cacturne,grass,dark,70,115,60,115,60,55
460,Abomasnow,grass,ice,90,132,105,132,105,30
468,Togekiss,fairy,flying,85,50,95,120,115,80
365,Walrein,ice,water,110,80,90,95,90,65
659,Bunnelby,normal,nan,38,36,38,32,36,57
311,Plusle,electric,nan,60,50,40,85,75,95
532,Timburr,fighting,nan,75,80,55,25,35,35
14,Kakuna,bug,poison,45,25,50,25,25,35
52,Meowth,normal,dark,40,35,35,50,40,90
601,Klinklang,steel,nan,60,100,115,70,85,90
269,Dustox,bug,poison,60,50,70,50,90,65
510,Liepard,dark,nan,64,88,50,88,50,106
249,Lugia,psychic,flying,106,90,130,90,154,110
523,Zebstrika,electric,nan,75,100,63,80,63,116
733,Toucannon,normal,flying,80,120,75,75,75,60
681,Aegislash,steel,ghost,60,150,50,150,50,60
248,Tyranitar,rock,dark,100,164,150,95,120,71
527,Woobat,psychic,flying,65,45,43,55,43,72
551,Sandile,ground,dark,50,72,35,35,35,65
159,Croconaw,water,nan,65,80,80,59,63,58
127,Pinsir,bug,nan,65,155,120,65,90,105
94,Gengar,ghost,poison,60,65,80,170,95,130
135,Jolteon,electric,nan,65,65,60,110,95,130
48,Venonat,bug,poison,60,55,50,40,55,45
754,Lurantis,grass,nan,70,105,90,80,90,45
441,Chatot,normal,flying,76,65,45,92,42,91
4,Charmander,fire,nan,39,52,43,60,50,65
124,Jynx,ice,psychic,65,50,35,115,95,95
716,Xerneas,fairy,nan,126,131,95,131,98,99
647,Keldeo,water,fighting,91,72,90,129,90,108
434,Stunky,poison,dark,63,63,47,41,41,74
126,Magmar,fire,nan,65,95,57,100,85,93
162,Furret,normal,nan,85,76,64,45,55,90
283,Surskit,bug,water,40,30,32,50,52,65
521,Unfezant,normal,flying,80,115,80,65,55,93
595,Joltik,bug,electric,50,47,50,57,50,65
427,Buneary,normal,nan,55,66,44,44,56,85
509,Purrloin,dark,nan,41,50,37,50,37,66
136,Flareon,fire,nan,65,130,60,95,110,65
201,Unown,psychic,nan,48,72,48,72,48,48
635,Hydreigon,dark,dragon,92,105,90,125,90,98
263,Zigzagoon,normal,nan,38,30,41,30,41,60
294,Loudred,normal,nan,84,71,43,71,43,48
688,Binacle,rock,water,42,52,67,39,56,50
393,Piplup,water,nan,53,51,53,61,56,40
673,Gogoat,grass,nan,123,100,62,97,81,68
438,Bonsly,rock,nan,50,80,95,10,45,10
619,Mienfoo,fighting,nan,45,85,50,55,50,65
232,Donphan,ground,nan,90,120,120,60,60,50
559,Scraggy,dark,fighting,50,75,70,35,70,48
410,Shieldon,rock,steel,30,42,118,42,88,30
720,Hoopa,psychic,ghost,80,160,60,170,130,80
488,Cresselia,psychic,nan,120,70,120,75,130,85
592,Frillish,water,ghost,55,40,50,65,85,40
603,Eelektrik,electric,nan,65,85,70,75,70,40
737,Charjabug,bug,electric,57,82,95,55,75,36
784,Kommo-o,dragon,fighting,75,110,125,100,105,85
130,Gyarados,water,flying,95,155,109,70,130,81
81,Magnemite,electric,steel,25,35,70,95,55,45
755,Morelull,grass,fairy,40,35,55,65,75,15
554,Darumaka,fire,nan,70,90,45,15,45,50
284,Masquerain,bug,flying,70,60,62,100,82,80
45,Vileplume,grass,poison,75,80,85,110,90,50
750,Mudsdale,ground,nan,100,125,100,55,85,35
512,Simisage,grass,nan,75,98,63,98,63,101
598,Ferrothorn,grass,steel,74,94,131,54,116,20
768,Golisopod,bug,water,75,125,140,60,90,40
738,Vikavolt,bug,electric,77,70,90,145,75,43
763,Tsareena,grass,nan,72,120,98,50,98,72
177,Natu,psychic,flying,40,50,45,70,45,70
481,Mesprit,psychic,nan,80,105,105,105,105,80
204,Pineco,bug,nan,50,65,90,35,35,15
498,Tepig,fire,nan,65,63,45,45,45,45
181,Ampharos,electric,nan,90,95,105,165,110,45
72,Tentacool,water,poison,40,40,35,50,100,70
439,Mime Jr.,psychic,fairy,20,25,45,70,90,60
636,Larvesta,bug,fire,55,85,55,50,55,60
119,Seaking,water,nan,80,92,65,65,80,68
649,Genesect,bug,steel,71,120,95,120,95,99
661,Fletchling,normal,flying,45,50,43,40,38,62
406,Budew,grass,poison,40,30,35,50,70,55
424,Ambipom,normal,nan,75,100,66,60,66,115
171,Lanturn,water,electric,125,58,58,76,76,67
433,Chingling,psychic,nan,45,30,50,65,50,45
589,Escavalier,bug,steel,70,135,105,60,105,20
780,Drampa,normal,dragon,78,60,85,135,91,36
698,Amaura,rock,ice,77,59,50,67,63,46
193,Yanma,bug,flying,65,65,45,75,45,95
656,Froakie,water,nan,41,56,40,62,44,71
447,Riolu,fighting,nan,40,70,40,35,40,60
147,Dratini,dragon,nan,41,64,45,50,50,50
51,Dugtrio,ground,ground,35,100,60,50,70,110
670,Floette,fairy,nan,74,65,67,125,128,92
653,Fennekin,fire,nan,40,45,40,62,60,60
149,Dragonite,dragon,flying,91,134,95,100,100,80
623,Golurk,ground,ghost,89,124,80,55,80,55
82,Magneton,electric,steel,50,60,95,120,70,70
199,Slowking,water,psychic,95,75,80,100,110,30
108,Lickitung,normal,nan,90,55,75,60,75,30
282,Gardevoir,psychic,fairy,68,85,65,165,135,100
219,Magcargo,fire,rock,60,50,120,90,80,30
767,Wimpod,bug,water,25,35,40,20,30,80
339,Barboach,water,ground,50,48,43,46,41,60
86,Seel,water,nan,65,45,55,45,70,45
377,Regirock,rock,nan,80,100,200,50,100,50
152,Chikorita,grass,nan,45,49,65,49,65,45
289,Slaking,normal,nan,150,160,100,95,65,100
727,Incineroar,fire,dark,95,115,90,80,90,60
132,Ditto,normal,nan,48,48,48,48,48,48
640,Virizion,grass,fighting,91,90,72,90,129,108
614,Beartic,ice,nan,95,130,80,70,80,50
168,Ariados,bug,poison,70,90,70,60,70,40
553,Krookodile,ground,dark,95,117,80,65,70,92
89,Muk,poison,poison,105,105,75,65,100,50
268,Cascoon,bug,nan,50,35,55,25,25,15
304,Aron,steel,rock,50,70,100,40,40,30
236,Tyrogue,fighting,nan,35,35,35,35,35,35
170,Chinchou,water,electric,75,38,38,56,56,67
511,Pansage,grass,nan,50,53,48,53,48,64
483,Dialga,steel,dragon,100,120,120,150,100,90
17,Pidgeotto,normal,flying,63,60,55,50,50,71
513,Pansear,fire,nan,50,53,48,53,48,64
630,Mandibuzz,dark,flying,110,65,105,55,95,80
476,Probopass,rock,steel,60,55,145,75,150,40
504,Patrat,normal,nan,45,55,39,35,39,42
478,Froslass,ice,ghost,70,80,70,80,70,110
39,Jigglypuff,normal,fairy,115,45,20,45,25,20
259,Marshtomp,water,ground,70,85,70,60,70,50
386,Deoxys,psychic,nan,50,95,90,95,90,180
343,Baltoy,ground,psychic,40,40,55,40,70,55
775,Komala,normal,nan,65,115,65,75,95,65
405,Luxray,electric,nan,80,120,79,95,79,70
154,Meganium,grass,nan,80,82,100,83,100,80
240,Magby,fire,nan,45,75,37,70,55,83
759,Stufful,normal,fighting,70,75,50,45,50,50
793,Nihilego,rock,poison,109,53,47,127,131,103
175,Togepi,fairy,nan,35,20,65,40,65,20
701,Hawlucha,fighting,flying,78,92,75,74,63,118
412,Burmy,bug,nan,40,29,45,29,45,36
705,Sliggoo,dragon,nan,68,75,53,83,113,60
409,Rampardos,rock,nan,97,165,60,65,50,58
747,Mareanie,poison,water,50,53,62,43,52,45
583,Vanillish,ice,nan,51,65,65,80,75,59
338,Solrock,rock,psychic,90,95,85,55,65,70
798,Kartana,grass,steel,59,181,131,59,31,109
474,Porygon-Z,normal,nan,85,80,70,135,75,90
239,Elekid,electric,nan,45,63,37,65,55,95
760,Bewear,normal,fighting,120,125,80,55,60,60
29,Nidoran♀,poison,nan,55,47,52,40,40,41
710,Pumpkaboo,ghost,grass,59,66,70,44,55,41
440,Happiny,normal,nan,100,5,5,15,65,30
58,Growlithe,fire,nan,55,70,45,70,50,60
253,Grovyle,grass,nan,50,65,45,85,65,95
773,Silvally,normal,nan,95,95,95,95,95,95
250,Ho-Oh,fire,flying,106,130,90,110,154,90
608,Lampent,ghost,fire,60,40,60,95,60,55
722,Rowlet,grass,flying,68,55,55,50,50,42
567,Archeops,rock,flying,75,140,65,112,65,110
499,Pignite,fire,fighting,90,93,55,70,55,55
565,Carracosta,water,rock,74,108,133,83,65,32
714,Noibat,flying,dragon,40,30,35,45,40,55
244,Entei,fire,nan,115,115,85,90,75,100
206,Dunsparce,normal,nan,100,70,70,65,65,45
572,Minccino,normal,nan,55,50,40,40,40,75
388,Grotle,grass,nan,75,89,85,55,65,36
371,Bagon,dragon,nan,45,75,60,40,30,50
631,Heatmor,fire,nan,85,97,66,105,66,65
632,Durant,bug,steel,58,109,112,48,48,109
771,Pyukumuku,water,nan,55,60,130,30,130,5
520,Tranquill,normal,flying,62,77,62,50,42,65
397,Staravia,normal,flying,55,75,50,40,40,80
408,Cranidos,rock,nan,67,125,40,30,30,58
426,Drifblim,ghost,flying,150,80,44,90,54,80
766,Passimian,fighting,nan,100,120,90,40,60,80
92,Gastly,ghost,poison,30,35,30,100,35,80
568,Trubbish,poison,nan,50,50,62,40,62,65
280,Ralts,psychic,fairy,28,25,25,45,35,40
12,Butterfree,bug,flying,60,45,50,90,80,70
150,Mewtwo,psychic,nan,106,150,70,194,120,140
185,Sudowoodo,rock,nan,70,100,115,30,65,30
56,Mankey,fighting,nan,40,80,35,35,45,70
18,Pidgeot,normal,flying,83,80,80,135,80,121
160,Feraligatr,water,nan,85,105,100,79,83,78
436,Bronzor,steel,psychic,57,24,86,24,86,23
38,Ninetales,fire,ice,73,67,75,81,100,109
88,Grimer,poison,poison,80,80,50,40,50,25
652,Chesnaught,grass,fighting,88,107,122,74,75,64
494,Victini,psychic,fire,100,100,100,100,100,100
741,Oricorio,fire,flying,75,70,70,98,70,93
266,Silcoon,bug,nan,50,35,55,25,25,15
26,Raichu,electric,electric,60,85,50,95,85,110
292,Shedinja,bug,ghost,1,90,45,30,30,40
182,Bellossom,grass,nan,75,80,95,90,100,50
95,Onix,rock,ground,35,45,160,30,45,70
444,Gabite,dragon,ground,68,90,65,50,55,82
642,Thundurus,electric,flying,79,105,70,145,80,101
308,Medicham,fighting,psychic,60,100,85,80,85,100
307,Meditite,fighting,psychic,30,40,55,40,55,60
146,Moltres,fire,flying,90,100,90,125,85,90
297,Hariyama,fighting,nan,144,120,60,40,60,50
305,Lairon,steel,rock,60,90,140,50,50,40
753,Fomantis,grass,nan,40,55,35,50,35,35
543,Venipede,bug,poison,30,45,59,30,39,57
76,Golem,rock,ground,80,120,130,55,65,45
277,Swellow,normal,flying,60,85,60,75,50,125
347,Anorith,rock,bug,45,95,50,40,50,75
202,Wobbuffet,psychic,nan,190,33,58,33,58,33
85,Dodrio,normal,flying,60,110,70,60,60,110
100,Voltorb,electric,nan,40,30,50,55,55,100
501,Oshawott,water,nan,55,55,45,63,45,45
723,Dartrix,grass,flying,78,75,75,70,70,52
90,Shellder,water,nan,30,65,100,45,25,40
576,Gothitelle,psychic,nan,70,55,95,95,110,65
208,Steelix,steel,ground,75,125,230,55,95,30
291,Ninjask,bug,flying,61,90,45,50,50,160
40,Wigglytuff,normal,fairy,140,70,45,85,50,45
556,Maractus,grass,nan,75,86,67,106,67,60
129,Magikarp,water,nan,20,10,55,15,20,80
500,Emboar,fire,fighting,110,123,65,100,65,65
781,Dhelmise,ghost,grass,70,131,100,86,90,40
621,Druddigon,dragon,nan,77,120,90,60,90,48
186,Politoed,water,nan,90,75,75,90,100,70
530,Excadrill,ground,steel,110,135,60,50,65,88
407,Roserade,grass,poison,60,70,65,125,105,90
153,Bayleef,grass,nan,60,62,80,63,80,60
693,Clawitzer,water,nan,71,73,88,120,89,59
633,Deino,dark,dragon,52,65,50,45,50,38
508,Stoutland,normal,nan,85,110,90,45,90,80
735,Gumshoos,normal,nan,88,110,60,55,60,45
227,Skarmory,steel,flying,65,80,140,40,70,70
774,Minior,rock,flying,60,100,60,100,60,120
112,Rhydon,ground,rock,105,130,120,45,45,40
528,Swoobat,psychic,flying,67,57,55,77,55,114
442,Spiritomb,ghost,dark,50,92,108,92,108,35
1,Bulbasaur,grass,poison,45,49,49,65,65,45
220,Swinub,ice,ground,50,50,40,30,30,50
637,Volcarona,bug,fire,85,60,65,135,105,100
549,Lilligant,grass,nan,70,60,75,110,75,90
609,Chandelure,ghost,fire,60,55,90,145,90,80
362,Glalie,ice,nan,80,120,80,120,80,100
639,Terrakion,rock,fighting,91,129,90,72,90,108
106,Hitmonlee,fighting,nan,50,120,53,35,110,87
68,Machamp,fighting,nan,90,130,80,65,85,55
224,Octillery,water,nan,75,105,75,105,75,45
749,Mudbray,ground,nan,70,100,70,45,55,45
721,Volcanion,fire,water,80,110,120,130,90,70
730,Primarina,water,fairy,80,74,74,126,116,60
107,Hitmonchan,fighting,nan,50,105,79,35,110,76
529,Drilbur,ground,nan,60,85,40,30,45,68
10,Caterpie,bug,nan,45,30,35,20,20,45
658,Greninja,water,dark,72,145,67,153,71,132
180,Flaaffy,electric,nan,70,55,55,80,60,45
237,Hitmontop,fighting,nan,50,95,95,35,110,70
252,Treecko,grass,nan,40,45,35,65,55,70
115,Kangaskhan,normal,nan,105,125,100,60,100,100
455,Carnivine,grass,nan,74,100,72,90,72,46
704,Goomy,dragon,nan,45,50,35,55,75,40
116,Horsea,water,nan,30,40,70,70,25,60
383,Groudon,ground,nan,100,180,160,150,90,90
346,Cradily,rock,grass,86,81,97,81,107,43
329,Vibrava,ground,dragon,50,70,50,50,50,70
428,Lopunny,normal,nan,65,136,94,54,96,135
49,Venomoth,bug,poison,70,65,60,90,75,90
607,Litwick,ghost,fire,50,30,55,65,55,20
588,Karrablast,bug,nan,50,75,45,40,45,60
264,Linoone,normal,nan,78,70,61,50,61,100
502,Dewott,water,nan,75,75,60,83,60,60
16,Pidgey,normal,flying,40,45,40,35,35,56
629,Vullaby,dark,flying,70,55,75,45,65,60
689,Barbaracle,rock,water,72,105,115,54,86,68
443,Gible,dragon,ground,58,70,45,40,45,42
669,Flabébé,fairy,nan,44,38,39,61,79,42
337,Lunatone,rock,psychic,90,55,65,95,85,70
654,Braixen,fire,nan,59,59,58,90,70,73
394,Prinplup,water,nan,64,66,68,81,76,50
536,Palpitoad,water,ground,75,65,55,65,55,69
423,Gastrodon,water,ground,111,83,68,92,82,39
563,Cofagrigus,ghost,nan,58,50,145,95,105,30
448,Lucario,fighting,steel,70,145,88,140,70,112
419,Floatzel,water,nan,85,105,55,85,50,115
522,Blitzle,electric,nan,45,60,32,50,32,76
36,Clefable,fairy,nan,95,70,73,95,90,60
7,Squirtle,water,nan,44,48,65,50,64,43
582,Vanillite,ice,nan,36,50,50,65,60,44
449,Hippopotas,ground,nan,68,72,78,38,42,32
538,Throh,fighting,nan,120,100,85,30,85,45
211,Qwilfish,water,poison,65,95,85,55,55,85
707,Klefki,steel,fairy,57,80,91,80,87,75
109,Koffing,poison,nan,40,65,95,60,45,35
389,Torterra,grass,ground,95,109,105,75,85,56
231,Phanpy,ground,nan,90,60,60,40,40,40
690,Skrelp,poison,water,50,60,60,60,60,30
110,Weezing,poison,nan,65,90,120,85,70,60
459,Snover,grass,ice,60,62,50,62,60,40
9,Blastoise,water,nan,79,103,120,135,115,78
74,Geodude,rock,ground,40,80,100,30,30,20
602,Tynamo,electric,nan,35,55,40,45,40,60
379,Registeel,steel,nan,80,75,150,75,150,50
357,Tropius,grass,flying,99,68,83,72,87,51
676,Furfrou,normal,nan,75,80,60,65,90,102
432,Purugly,normal,nan,71,82,64,64,59,112
655,Delphox,fire,psychic,75,69,72,114,100,104
21,Spearow,normal,flying,40,60,30,31,31,70
61,Poliwhirl,water,nan,65,65,65,50,50,90
287,Slakoth,normal,nan,60,60,60,35,35,30
416,Vespiquen,bug,flying,70,80,102,80,102,40
77,Ponyta,fire,nan,50,85,55,65,65,90
381,Latios,dragon,psychic,80,130,100,160,120,110
542,Leavanny,bug,grass,75,103,80,70,80,92
140,Kabuto,rock,water,30,80,90,55,45,55
752,Araquanid,water,bug,68,70,92,50,132,42
615,Cryogonal,ice,nan,80,50,50,95,135,105
230,Kingdra,water,dragon,75,95,95,95,95,85
288,Vigoroth,normal,nan,80,80,80,55,55,90
117,Seadra,water,nan,55,65,95,95,45,85
285,Shroomish,grass,nan,60,40,60,40,60,35
178,Xatu,psychic,flying,65,75,70,95,70,95
620,Mienshao,fighting,nan,65,125,60,95,60,105
215,Sneasel,dark,ice,55,95,55,35,75,115
732,Trumbeak,normal,flying,55,85,50,40,50,75
30,Nidorina,poison,nan,70,62,67,55,55,56
44,Gloom,grass,poison,60,65,70,85,75,40
708,Phantump,ghost,grass,43,70,48,50,60,38
613,Cubchoo,ice,nan,55,70,40,60,40,40
586,Sawsbuck,normal,grass,80,100,70,60,70,95
396,Starly,normal,flying,40,55,30,30,30,60
651,Quilladin,grass,nan,61,78,95,56,58,57
64,Kadabra,psychic,nan,40,35,30,120,70,105
555,Darmanitan,fire,fire,105,30,105,140,105,55
402,Kricketune,bug,nan,77,85,51,55,51,65
24,Arbok,poison,nan,60,95,69,65,79,80
762,Steenee,grass,nan,52,40,48,40,48,62
564,Tirtouga,water,rock,54,78,103,53,45,22
574,Gothita,psychic,nan,45,30,50,55,65,45
216,Teddiursa,normal,nan,60,80,50,50,50,40
133,Eevee,normal,nan,55,55,50,45,65,55
558,Crustle,bug,rock,70,105,125,65,75,45
435,Skuntank,poison,dark,103,93,67,71,61,84
71,Victreebel,grass,poison,80,105,65,100,70,70
174,Igglybuff,normal,fairy,90,30,15,40,20,15
361,Snorunt,ice,nan,50,50,50,50,50,50
376,Metagross,steel,psychic,80,145,150,105,110,110
63,Abra,psychic,nan,25,20,15,105,55,90
241,Miltank,normal,nan,95,80,105,40,70,100
87,Dewgong,water,ice,90,70,80,70,95,70
612,Haxorus,dragon,nan,76,147,90,60,70,97
712,Bergmite,ice,nan,55,69,85,32,35,28
351,Castform,normal,nan,70,70,70,70,70,70
223,Remoraid,water,nan,35,65,35,65,35,65
643,Reshiram,dragon,fire,100,120,100,150,120,90
605,Elgyem,psychic,nan,55,55,55,85,55,30
334,Altaria,dragon,flying,75,110,110,110,105,80
139,Omastar,rock,water,70,60,125,115,70,55
514,Simisear,fire,nan,75,98,63,98,63,101
575,Gothorita,psychic,nan,60,45,70,75,85,55
33,Nidorino,poison,nan,61,72,57,55,55,65
417,Pachirisu,electric,nan,60,45,70,45,90,95
158,Totodile,water,nan,50,65,64,44,48,43
600,Klang,steel,nan,60,80,95,70,85,50
256,Combusken,fire,fighting,60,85,60,85,60,55
235,Smeargle,normal,nan,55,20,35,20,45,75
584,Vanilluxe,ice,nan,71,95,85,110,95,79
295,Exploud,normal,nan,104,91,63,91,73,68
43,Oddish,grass,poison,45,50,55,75,65,30
187,Hoppip,grass,flying,35,35,40,35,55,50
157,Typhlosion,fire,nan,78,84,78,109,85,100
270,Lotad,water,grass,40,30,30,40,50,30
800,Necrozma,psychic,nan,97,107,101,127,89,79
779,Bruxish,water,psychic,68,105,70,70,70,92
243,Raikou,electric,nan,90,85,75,115,100,115
524,Roggenrola,rock,nan,55,75,85,25,25,15
644,Zekrom,dragon,electric,100,150,120,120,100,90
725,Litten,fire,nan,45,65,40,60,40,70
155,Cyndaquil,fire,nan,39,52,43,60,50,65
398,Staraptor,normal,flying,85,120,70,50,60,100
719,Diancie,rock,fairy,50,160,110,160,110,110
102,Exeggcute,grass,psychic,60,40,80,60,45,40
176,Togetic,fairy,flying,55,40,85,80,105,40
210,Granbull,fairy,nan,90,120,75,60,60,45
570,Zorua,dark,nan,40,65,40,80,40,65
691,Dragalge,poison,dragon,65,75,90,97,123,44
516,Simipour,water,nan,75,98,63,98,63,101
34,Nidoking,poison,ground,81,102,77,85,75,85
207,Gligar,ground,flying,65,75,105,35,65,85
663,Talonflame,fire,flying,78,81,71,74,69,126
173,Cleffa,fairy,nan,50,25,28,45,55,15
674,Pancham,fighting,nan,67,82,62,46,48,43
31,Nidoqueen,poison,ground,90,92,87,75,85,76
19,Rattata,normal,dark,30,56,35,25,35,72
301,Delcatty,normal,nan,70,65,65,55,55,90
54,Psyduck,water,nan,50,52,48,65,50,55
596,Galvantula,bug,electric,70,77,60,97,60,108
281,Kirlia,psychic,fairy,38,35,35,65,55,50
497,Serperior,grass,nan,75,75,95,75,95,113
349,Feebas,water,nan,20,15,20,10,55,80
317,Swalot,poison,nan,100,73,83,73,83,55
533,Gurdurr,fighting,nan,85,105,85,40,50,40
84,Doduo,normal,flying,35,85,45,35,35,75
6,Charizard,fire,flying,78,104,78,159,115,100
104,Cubone,ground,nan,50,50,95,40,50,35
103,Exeggutor,grass,psychic,95,105,85,125,75,45
401,Kricketot,bug,nan,37,25,41,25,41,25
191,Sunkern,grass,nan,30,30,30,30,30,30
200,Misdreavus,ghost,nan,60,60,60,85,85,85
67,Machoke,fighting,nan,80,100,70,50,60,45
540,Sewaddle,bug,grass,45,53,70,40,60,42
299,Nosepass,rock,nan,30,45,135,45,90,30
519,Pidove,normal,flying,50,55,50,36,30,43
641,Tornadus,flying,nan,79,100,80,110,90,121
420,Cherubi,grass,nan,45,35,45,62,53,35
462,Magnezone,electric,steel,70,70,115,130,90,60
757,Salandit,poison,fire,48,44,40,71,40,77
218,Slugma,fire,nan,40,40,40,70,40,20
624,Pawniard,dark,steel,45,85,70,40,40,60
610,Axew,dragon,nan,46,87,60,30,40,57
335,Zangoose,normal,nan,73,115,60,60,60,90
93,Haunter,ghost,poison,45,50,45,115,55,95
260,Swampert,water,ground,100,150,110,95,110,70
682,Spritzee,fairy,nan,78,52,60,63,65,23
151,Mew,psychic,nan,100,100,100,100,100,100
742,Cutiefly,bug,fairy,40,45,40,55,40,84
535,Tympole,water,nan,50,50,40,50,40,64
469,Yanmega,bug,flying,86,76,86,116,56,95
368,Gorebyss,water,nan,55,84,105,114,75,52
137,Porygon,normal,nan,65,60,70,85,75,40
35,Clefairy,fairy,nan,70,45,48,60,65,35
777,Togedemaru,electric,steel,65,98,63,40,73,96
345,Lileep,rock,grass,66,41,77,61,87,23
699,Aurorus,rock,ice,123,77,72,99,92,58
794,Buzzwole,bug,fighting,107,139,139,53,53,79
274,Nuzleaf,grass,dark,70,70,40,60,40,60
78,Rapidash,fire,nan,65,100,70,80,80,105
380,Latias,dragon,psychic,80,100,120,140,150,110
739,Crabrawler,fighting,nan,47,82,57,42,47,63
322,Numel,fire,ground,60,60,40,65,45,35
593,Jellicent,water,ghost,100,60,70,85,105,60
713,Avalugg,ice,nan,95,117,184,44,46,28
717,Yveltal,dark,flying,126,131,95,131,98,99
687,Malamar,dark,psychic,86,92,88,68,75,73
62,Poliwrath,water,fighting,90,95,95,70,90,70
179,Mareep,electric,nan,55,40,40,65,45,35
479,Rotom,electric,ghost,50,65,107,105,107,86
369,Relicanth,water,rock,100,90,130,45,65,55
446,Munchlax,normal,nan,135,85,40,40,85,5
370,Luvdisc,water,nan,43,30,55,40,65,97
23,Ekans,poison,nan,35,60,44,40,54,55
561,Sigilyph,psychic,flying,72,58,80,103,80,97
492,Shaymin,grass,grass,100,103,75,120,75,127
702,Dedenne,electric,fairy,67,58,57,81,67,101
69,Bellsprout,grass,poison,50,75,35,70,30,40
695,Heliolisk,electric,normal,62,55,52,109,94,109
183,Marill,water,fairy,70,20,50,20,50,40
485,Heatran,fire,steel,91,90,106,130,106,77
145,Zapdos,electric,flying,90,90,85,125,90,100
731,Pikipek,normal,flying,35,75,30,30,30,65
776,Turtonator,fire,dragon,60,78,135,91,85,36
25,Pikachu,electric,nan,35,55,40,50,50,90
751,Dewpider,water,bug,38,40,52,40,72,27
267,Beautifly,bug,flying,60,70,50,100,50,65
279,Pelipper,water,flying,60,50,100,95,70,65
724,Decidueye,grass,ghost,78,107,75,100,100,70
797,Celesteela,steel,flying,97,101,103,107,101,61
765,Oranguru,normal,psychic,90,60,80,90,110,60
473,Mamoswine,ice,ground,110,130,80,70,60,80
453,Croagunk,poison,fighting,48,61,40,61,40,50
121,Starmie,water,psychic,60,75,85,100,85,115
242,Blissey,normal,nan,255,10,10,75,135,55
715,Noivern,flying,dragon,85,70,80,97,80,123
316,Gulpin,poison,nan,70,43,53,43,53,40
484,Palkia,water,dragon,90,120,100,150,120,100
142,Aerodactyl,rock,flying,80,135,85,70,95,150
718,Zygarde,dragon,ground,216,100,121,91,95,85
678,Meowstic,psychic,nan,74,48,76,83,81,104
138,Omanyte,rock,water,35,40,100,90,55,35
515,Panpour,water,nan,50,53,48,53,48,64
480,Uxie,psychic,nan,75,75,130,75,130,95
552,Krokorok,ground,dark,60,82,45,45,45,74
606,Beheeyem,psychic,nan,75,75,75,125,95,40
789,Cosmog,psychic,nan,43,29,31,29,31,37
271,Lombre,water,grass,60,50,50,60,70,50
545,Scolipede,bug,poison,60,100,89,55,69,112
587,Emolga,electric,flying,55,75,60,75,60,103
566,Archen,rock,flying,55,112,45,74,45,70
22,Fearow,normal,flying,65,90,65,61,61,100
648,Meloetta,normal,psychic,100,128,90,77,77,128
336,Seviper,poison,nan,73,100,60,100,60,65
618,Stunfisk,ground,electric,109,66,84,81,99,32
475,Gallade,psychic,fighting,68,165,95,65,115,110
128,Tauros,normal,nan,75,100,95,40,70,110
319,Sharpedo,water,dark,70,140,70,110,65,105
778,Mimikyu,ghost,fairy,55,90,80,50,105,96
672,Skiddo,grass,nan,66,65,48,62,57,52
709,Trevenant,ghost,grass,85,110,76,65,82,56
711,Gourgeist,ghost,grass,85,100,122,58,75,54
740,Crabominable,fighting,ice,97,132,77,62,67,43
169,Crobat,poison,flying,85,90,80,70,80,130
414,Mothim,bug,flying,70,94,50,94,50,66
457,Lumineon,water,nan,69,69,76,69,86,91
787,Tapu Bulu,grass,fairy,70,130,115,85,95,75
321,Wailord,water,nan,170,90,45,90,45,60
786,Tapu Lele,psychic,fairy,70,85,75,130,115,95
581,Swanna,water,flying,75,87,63,87,63,98
477,Dusknoir,ghost,nan,45,100,135,65,135,45
205,Forretress,bug,steel,75,90,140,60,60,40
372,Shelgon,dragon,nan,65,95,100,60,50,50
395,Empoleon,water,steel,84,86,88,111,101,60
27,Sandshrew,ground,ice,50,75,90,10,35,40
491,Darkrai,dark,nan,70,90,90,135,90,125
384,Rayquaza,dragon,flying,105,180,100,180,100,115
470,Leafeon,grass,nan,65,110,130,60,65,95
355,Duskull,ghost,nan,20,40,90,30,90,25
190,Aipom,normal,nan,55,70,55,40,55,85
226,Mantine,water,flying,85,40,70,80,140,70
748,Toxapex,poison,water,50,63,152,53,142,35
544,Whirlipede,bug,poison,40,55,99,40,79,47
550,Basculin,water,nan,70,92,65,80,55,98
517,Munna,psychic,nan,76,25,45,67,55,24
272,Ludicolo,water,grass,80,70,70,90,100,70
400,Bibarel,normal,water,79,85,60,55,60,71
2,Ivysaur,grass,poison,60,62,63,80,80,60
375,Metang,steel,psychic,60,75,100,55,80,50
507,Herdier,normal,nan,65,80,65,35,65,60
458,Mantyke,water,flying,45,20,50,60,120,50
662,Fletchinder,fire,flying,62,73,55,56,52,84
694,Helioptile,electric,normal,44,38,33,61,43,70
65,Alakazam,psychic,nan,55,50,65,175,105,150
91,Cloyster,water,ice,50,95,180,85,45,70
526,Gigalith,rock,nan,85,135,130,60,80,25
696,Tyrunt,rock,dragon,58,89,77,45,45,48
120,Staryu,water,nan,30,45,55,70,55,85
421,Cherrim,grass,nan,70,60,70,87,78,85
404,Luxio,electric,nan,60,85,49,60,49,60
594,Alomomola,water,nan,165,75,80,40,45,65
385,Jirachi,steel,psychic,100,100,100,100,100,100
684,Swirlix,fairy,nan,62,48,66,59,57,49
32,Nidoran♂,poison,nan,46,57,40,40,40,50
303,Mawile,steel,fairy,50,105,125,55,95,50
331,Cacnea,grass,nan,50,85,40,85,40,35
486,Regigigas,normal,nan,110,160,110,80,110,100
358,Chimecho,psychic,nan,75,50,80,95,90,65
665,Spewpa,bug,nan,45,22,60,27,30,29
418,Buizel,water,nan,55,65,35,60,30,85
466,Electivire,electric,nan,75,123,67,95,85,95
318,Carvanha,water,dark,45,90,20,65,20,65
123,Scyther,bug,flying,70,110,80,55,80,105
80,Slowbro,water,psychic,95,75,180,130,80,30
671,Florges,fairy,nan,78,65,68,112,154,75
454,Toxicroak,poison,fighting,83,106,65,86,65,85
465,Tangrowth,grass,nan,100,100,125,110,50,50
382,Kyogre,water,nan,100,150,90,180,160,90
374,Beldum,steel,psychic,40,55,80,35,60,30
437,Bronzong,steel,psychic,67,89,116,79,116,33
341,Corphish,water,nan,43,80,65,50,35,35
677,Espurr,psychic,nan,62,48,54,63,60,68
604,Eelektross,electric,nan,85,115,80,105,80,50
764,Comfey,fairy,nan,51,52,90,82,110,100
422,Shellos,water,nan,76,48,48,57,62,34
534,Conkeldurr,fighting,nan,105,140,95,55,65,45
234,Stantler,normal,nan,73,95,62,85,65,85
546,Cottonee,grass,fairy,40,27,60,37,50,66
378,Regice,ice,nan,80,50,100,100,200,50
41,Zubat,poison,flying,40,45,35,30,40,55
225,Delibird,ice,flying,45,55,45,65,45,75
456,Finneon,water,nan,49,49,56,49,61,66
101,Electrode,electric,nan,60,50,70,80,80,150
660,Diggersby,normal,ground,85,56,77,50,77,78
353,Shuppet,ghost,nan,44,75,35,63,33,45
493,Arceus,normal,nan,120,120,120,120,120,120
585,Deerling,normal,grass,60,60,50,40,50,75
503,Samurott,water,nan,95,100,85,108,70,70
728,Popplio,water,nan,50,54,54,66,56,40
792,Lunala,psychic,ghost,137,113,89,137,107,97
293,Whismur,normal,nan,64,51,23,51,23,28
692,Clauncher,water,nan,50,53,62,58,63,44
495,Snivy,grass,nan,45,45,55,45,55,63
616,Shelmet,bug,nan,50,40,85,40,65,25
744,Rockruff,rock,nan,45,65,40,30,40,60
70,Weepinbell,grass,poison,65,90,50,85,45,55
560,Scrafty,dark,fighting,65,90,115,45,115,58
161,Sentret,normal,nan,35,46,34,35,45,20
163,Hoothoot,normal,flying,60,30,30,36,56,50
60,Poliwag,water,nan,40,50,40,40,40,90
391,Monferno,fire,fighting,64,78,52,78,52,81
286,Breloom,grass,fighting,60,130,80,60,60,70
463,Lickilicky,normal,nan,110,85,95,80,95,50
770,Palossand,ghost,ground,85,75,110,100,75,35
209,Snubbull,fairy,nan,60,80,50,40,40,30
296,Makuhita,fighting,nan,72,60,30,20,30,25
228,Houndour,dark,fire,45,60,30,80,50,65
11,Metapod,bug,nan,50,20,55,25,25,30
278,Wingull,water,flying,40,30,30,55,30,85
467,Magmortar,fire,nan,75,95,67,125,95,83
354,Banette,ghost,nan,64,165,75,93,83,75
390,Chimchar,fire,nan,44,58,44,58,44,61
